Kategori	Underkategori
kött, fågel & fisk	nötkött
kött, fågel & fisk	fläskkött
kött, fågel & fisk	köttfärs
kött, fågel & fisk	korv
kött, fågel & fisk	matchark
kött, fågel & fisk	pålägg
kött, fågel & fisk	delikatesschark
kött, fågel & fisk	kyckling & fågel
kött, fågel & fisk	fisk
kött, fågel & fisk	skaldjur
kött, fågel & fisk	sill, kaviar & rom
kött, fågel & fisk	lamm, kalv & vilt
frukt & grönt	frukt
frukt & grönt	färska bär
frukt & grönt	grönsaker
frukt & grönt	potatis & rotfrukter
frukt & grönt	gourmetgrönsaker
frukt & grönt	färska kryddor
frukt & grönt	svamp
frukt & grönt	lök
mejeri & ost	ost
mejeri & ost	mjölk
mejeri & ost	mjölkfri dryck
mejeri & ost	fil & yoghurt
mejeri & ost	ägg
mejeri & ost	grädde
mejeri & ost	smör & margarin
mejeri & ost	crème fraiche & gräddfil
mejeri & ost	kvarg & cottage cheese
mejeri & ost	kylda mellanmål & desserter
mejeri & ost	juice & fruktdryck
färdigmat	portionsrätter
färdigmat	smörgåsar, smörgåstårtor & wraps
färdigmat	gratäng & röror
färdigmat	färska såser
färdigmat	gröt & rullpack
färdigmat	pizzakit & kylda degar
färdigmat	glutenfri färdigmat
barn	blöjor
barn	tvättservetter & babyvård
barn	barnmat
barn	barngröt & välling
barn	mellanmål & barndryck
barn	mjölkersättning
barn	babyprylar
barn	barnkalas
barn	leksaker
bröd & kakor	bageri
bröd & kakor	matbröd
bröd & kakor	kaffebröd
bröd & kakor	korv- & hamburgerbröd
bröd & kakor	knäckebröd & skorpor
bröd & kakor	kex & kakor
bröd & kakor	riskakor & tilltugg
bröd & kakor	glutenfritt bröd & kakor
dryck	vatten
dryck	läsk
dryck	stilldrink
dryck	sport- & energidryck
dryck	öl, cider & must
dryck	vin
dryck	kaffe, te & choklad
dryck	saft & lightdryck
dryck	drinkmix & koncentrat
dryck	juice & fruktdryck
skafferi	all världens mat
skafferi	kryddor & smaksättare
skafferi	pasta, ris & mos
skafferi	fisk & köttkonserver
skafferi	grönsakskonserver
skafferi	bönor, linser & fröer
skafferi	bakning
skafferi	flingor, müsli & gryner
skafferi	nötter & torkad frukt
skafferi	sylt, mos & marmelad
skafferi	fruktkonserver
skafferi	desserter
skafferi	kaffe, te & choklad
skafferi	påsar & folie
fryst	fryst färdigmat
fryst	fryst kött & burgare
fryst	fryst fågel
fryst	fryst fisk & skaldjur
fryst	fryst vegetariskt
fryst	frysta grönsaker
fryst	fryst potatis
fryst	fryst frukt & bär
fryst	fryst bröd & dessert
fryst	färdig is
fryst	glass
glass, godis & snacks	glass
glass, godis & snacks	godis
glass, godis & snacks	choklad
glass, godis & snacks	chips & snacks
glass, godis & snacks	tuggummi
glass, godis & snacks	halstabletter
glass, godis & snacks	naturgodis & bars
hälsa & skönhet	hälsokost
hälsa & skönhet	munvård
hälsa & skönhet	kroppsvård
hälsa & skönhet	hårvård
hälsa & skönhet	intimhygien
hälsa & skönhet	näsdukar, bomull & tops
hälsa & skönhet	smink & nagelvård
hälsa & skönhet	hjälpmedel
städ, tvätt & papper	städ
städ, tvätt & papper	tvätt
städ, tvätt & papper	disk
städ, tvätt & papper	toalett- & hushållspapper
kök	engångsartiklar
kök	servetter
kök	köksmaskiner
kök	köksredskap
kök	stekpannor, grytor & kastruller
kök	ugnsformar & bakformar
kök	matförvaring
kök	glas & porslin
kök	bestick
kök	kökstextil
hem & inredning	inredning
hem & inredning	kontor & pyssel
hem & inredning	elektronik
hem & inredning	böcker, film & spel
hem & inredning	kläder, väskor & skor
fritid & trädgård	trädgård
fritid & trädgård	fritid
fritid & trädgård	grill
fritid & trädgård	leksaker & sport
blommor	krukväxter & utplantering
receptfria läkemedel	allergi
receptfria läkemedel	värk & feber
receptfria läkemedel	förkylning
receptfria läkemedel	rökfri
receptfria läkemedel	övriga receptfria läkemedel
